price,airline,airline_logo,airline_name,outbound_depart,outbound_arrive,inbound_depart,inbound_arrive,outbound_segments,inbound_segments,cabin
40000,AA,https://www.aa.com/logo.png,American Airlines,10:30,13:00,16:00,05:30+1,AA334;77W;CDG;ORD;10:30;13:00,AA335;77W;ORD;CDG;16:00;05:30+1,economy
43000,AA,https://www.aa.com/logo.png,American Airlines,14:00,16:30,19:00,08:30+1,AA336;789;CDG;ORD;14:00;16:30,AA337;789;ORD;CDG;19:00;08:30+1,economy
42000,UA,https://www.united.com/logo.png,United Airlines,11:00,13:30,17:00,06:30+1,UA8754;789;CDG;ORD;11:00;13:30,UA8755;789;ORD;CDG;17:00;06:30+1,economy
38000,AF,https://www.airfrance.com/logo.png,Air France,09:00,11:30,15:00,04:30+1,AF2234;333;CDG;ORD;09:00;11:30,AF2235;333;ORD;CDG;15:00;04:30+1,economy
36000,DL,https://www.delta.com/logo.png,Delta Air Lines,07:30,10:00,13:00,02:30+1,DL8234;763;CDG;ORD;07:30;10:00,DL8235;763;ORD;CDG;13:00;02:30+1,economy
35000,LH,https://www.lufthansa.com/logo.png,Lufthansa,06:00,12:45,14:00,07:15+1,LH1234;320;CDG;FRA;06:00;07:20|LH5678;333;FRA;ORD;09:45;12:45,LH5679;333;ORD;FRA;14:00;04:15+1|LH1235;320;FRA;CDG;05:45;07:15+1,economy
122000,AA,https://www.aa.com/logo.png,American Airlines,10:30,13:00,16:00,05:30+1,AA334;77W;CDG;ORD;10:30;13:00,AA335;77W;ORD;CDG;16:00;05:30+1,business
78000,UA,https://www.united.com/logo.png,United Airlines,11:00,13:30,17:00,06:30+1,UA8754;789;CDG;ORD;11:00;13:30,UA8755;789;ORD;CDG;17:00;06:30+1,premium_economy
39000,AA,https://www.aa.com/logo.png,American Airlines,06:30,09:00,12:00,01:30+1,AA338;77W;CDG;ORD;06:30;09:00,AA339;77W;ORD;CDG;12:00;01:30+1,economy
41000,UA,https://www.united.com/logo.png,United Airlines,13:00,15:30,19:00,08:30+1,UA8758;789;CDG;ORD;13:00;15:30,UA8759;789;ORD;CDG;19:00;08:30+1,economy
44000,AF,https://www.airfrance.com/logo.png,Air France,12:00,14:30,18:00,07:30+1,AF2236;333;CDG;ORD;12:00;14:30,AF2237;333;ORD;CDG;18:00;07:30+1,economy
37000,DL,https://www.delta.com/logo.png,Delta Air Lines,10:30,13:00,16:00,05:30+1,DL8236;763;CDG;ORD;10:30;13:00,DL8237;763;ORD;CDG;16:00;05:30+1,economy
34000,LH,https://www.lufthansa.com/logo.png,Lufthansa,08:00,14:45,16:00,09:15+1,LH1236;320;CDG;FRA;08:00;09:20|LH5680;333;FRA;ORD;11:45;14:45,LH5681;333;ORD;FRA;16:00;06:15+1|LH1237;320;FRA;CDG;07:45;09:15+1,economy
33000,UA,https://www.united.com/logo.png,United Airlines,05:00,12:15,10:00,05:15+1,UA8760;320;CDG;IAD;05:00;08:00|UA3460;738;IAD;ORD;09:15;12:15,UA3461;738;ORD;IAD;10:00;13:00|UA8761;320;IAD;CDG;14:15;05:15+1,economy
125000,UA,https://www.united.com/logo.png,United Airlines,11:00,13:30,17:00,06:30+1,UA8754;789;CDG;ORD;11:00;13:30,UA8755;789;ORD;CDG;17:00;06:30+1,business
120000,AF,https://www.airfrance.com/logo.png,Air France,09:00,11:30,15:00,04:30+1,AF2234;333;CDG;ORD;09:00;11:30,AF2235;333;ORD;CDG;15:00;04:30+1,business
80000,AA,https://www.aa.com/logo.png,American Airlines,10:30,13:00,16:00,05:30+1,AA334;77W;CDG;ORD;10:30;13:00,AA335;77W;ORD;CDG;16:00;05:30+1,premium_economy
76000,DL,https://www.delta.com/logo.png,Delta Air Lines,07:30,10:00,13:00,02:30+1,DL8234;763;CDG;ORD;07:30;10:00,DL8235;763;ORD;CDG;13:00;02:30+1,premium_economy
