price,airline,airline_logo,airline_name,outbound_depart,outbound_arrive,inbound_depart,inbound_arrive,outbound_segments,inbound_segments,cabin
42000,UA,https://www.united.com/logo.png,United Airlines,10:00,13:00,17:00,06:30+1,UA990;789;CDG;IAD;10:00;13:00,UA991;789;IAD;CDG;17:00;06:30+1,economy
45000,UA,https://www.united.com/logo.png,United Airlines,13:30,16:30,20:00,09:30+1,UA992;77W;CDG;IAD;13:30;16:30,UA993;77W;IAD;CDG;20:00;09:30+1,economy
40000,AF,https://www.airfrance.com/logo.png,Air France,11:30,14:30,18:00,07:30+1,AF054;333;CDG;IAD;11:30;14:30,AF055;333;IAD;CDG;18:00;07:30+1,economy
38000,DL,https://www.delta.com/logo.png,Delta Air Lines,08:00,11:00,15:00,04:30+1,DL234;763;CDG;IAD;08:00;11:00,DL235;763;IAD;CDG;15:00;04:30+1,economy
36000,AA,https://www.aa.com/logo.png,American Airlines,06:30,13:45,14:00,07:15+1,AA6754;320;CDG;JFK;06:30;09:30|AA2345;738;JFK;IAD;10:45;13:45,AA2346;738;IAD;JFK;14:00;17:00|AA6755;320;JFK;CDG;18:15;07:15+1,economy
35000,UA,https://www.united.com/logo.png,United Airlines,07:00,14:30,13:00,06:45+1,UA8754;320;CDG;ORD;07:00;09:30|UA3456;738;ORD;IAD;11:30;14:30,UA3457;738;IAD;ORD;13:00;16:00|UA8755;320;ORD;CDG;17:45;06:45+1,economy
128000,UA,https://www.united.com/logo.png,United Airlines,10:00,13:00,17:00,06:30+1,UA990;789;CDG;IAD;10:00;13:00,UA991;789;IAD;CDG;17:00;06:30+1,business
75000,AF,https://www.airfrance.com/logo.png,Air France,11:30,14:30,18:00,07:30+1,AF054;333;CDG;IAD;11:30;14:30,AF055;333;IAD;CDG;18:00;07:30+1,premium_economy
41000,UA,https://www.united.com/logo.png,United Airlines,06:00,09:00,13:00,02:30+1,UA998;789;CDG;IAD;06:00;09:00,UA999;789;IAD;CDG;13:00;02:30+1,economy
44000,AF,https://www.airfrance.com/logo.png,Air France,15:00,18:00,21:00,10:30+1,AF056;333;CDG;IAD;15:00;18:00,AF057;333;IAD;CDG;21:00;10:30+1,economy
39000,DL,https://www.delta.com/logo.png,Delta Air Lines,12:00,15:00,19:00,08:30+1,DL240;763;CDG;IAD;12:00;15:00,DL241;763;IAD;CDG;19:00;08:30+1,economy
37000,AA,https://www.aa.com/logo.png,American Airlines,08:30,15:45,16:00,09:15+1,AA6760;320;CDG;JFK;08:30;11:30|AA2347;738;JFK;IAD;12:45;15:45,AA2348;738;IAD;JFK;16:00;19:00|AA6761;320;JFK;CDG;20:15;09:15+1,economy
34000,UA,https://www.united.com/logo.png,United Airlines,09:00,16:30,15:00,08:45+1,UA8756;320;CDG;ORD;09:00;11:30|UA3458;738;ORD;IAD;13:30;16:30,UA3459;738;IAD;ORD;15:00;18:00|UA8757;320;ORD;CDG;19:45;08:45+1,economy
36500,DL,https://www.delta.com/logo.png,Delta Air Lines,05:00,12:30,11:00,06:15+1,DL242;763;CDG;ATL;05:00;08:30|DL573;321;ATL;IAD;10:00;12:30,DL574;321;IAD;ATL;11:00;13:30|DL243;763;ATL;CDG;15:15;06:15+1,economy
130000,AF,https://www.airfrance.com/logo.png,Air France,11:30,14:30,18:00,07:30+1,AF054;333;CDG;IAD;11:30;14:30,AF055;333;IAD;CDG;18:00;07:30+1,business
135000,DL,https://www.delta.com/logo.png,Delta Air Lines,08:00,11:00,15:00,04:30+1,DL234;763;CDG;IAD;08:00;11:00,DL235;763;IAD;CDG;15:00;04:30+1,business
78000,DL,https://www.delta.com/logo.png,Delta Air Lines,08:00,11:00,15:00,04:30+1,DL234;763;CDG;IAD;08:00;11:00,DL235;763;IAD;CDG;15:00;04:30+1,premium_economy
77000,UA,https://www.united.com/logo.png,United Airlines,10:00,13:00,17:00,06:30+1,UA990;789;CDG;IAD;10:00;13:00,UA991;789;IAD;CDG;17:00;06:30+1,premium_economy
