price,airline,airline_logo,airline_name,outbound_depart,outbound_arrive,inbound_depart,inbound_arrive,outbound_segments,inbound_segments,cabin
40500,UA,https://www.united.com/logo.png,United Airlines,10:30,13:45,18:00,07:15+1,UA57;77W;CDG;EWR;10:30;13:45,UA58;77W;EWR;CDG;18:00;07:15+1,economy
47200,UA,https://www.united.com/logo.png,United Airlines,10:30,13:45,18:00,07:15+1,UA57;77W;CDG;EWR;10:30;13:45,UA58;77W;EWR;CDG;18:00;07:15+1,premium_economy
91500,UA,https://www.united.com/logo.png,United Airlines,10:30,13:45,18:00,07:15+1,UA57;77W;CDG;EWR;10:30;13:45,UA58;77W;EWR;CDG;18:00;07:15+1,business
42800,UA,https://www.united.com/logo.png,United Airlines,13:20,16:35,21:30,10:45+1,UA14;789;CDG;EWR;13:20;16:35,UA15;789;EWR;CDG;21:30;10:45+1,economy
49500,UA,https://www.united.com/logo.png,United Airlines,13:20,16:35,21:30,10:45+1,UA14;789;CDG;EWR;13:20;16:35,UA15;789;EWR;CDG;21:30;10:45+1,premium_economy
94200,UA,https://www.united.com/logo.png,United Airlines,13:20,16:35,21:30,10:45+1,UA14;789;CDG;EWR;13:20;16:35,UA15;789;EWR;CDG;21:30;10:45+1,business
41900,UA,https://www.united.com/logo.png,United Airlines,16:45,20:00,23:45,13:00+1,UA30;764;CDG;EWR;16:45;20:00,UA31;764;EWR;CDG;23:45;13:00+1,economy
48600,UA,https://www.united.com/logo.png,United Airlines,16:45,20:00,23:45,13:00+1,UA30;764;CDG;EWR;16:45;20:00,UA31;764;EWR;CDG;23:45;13:00+1,premium_economy
93100,UA,https://www.united.com/logo.png,United Airlines,16:45,20:00,23:45,13:00+1,UA30;764;CDG;EWR;16:45;20:00,UA31;764;EWR;CDG;23:45;13:00+1,business
39200,AF,https://www.airfrance.com/logo.png,Air France,09:45,13:00,17:15,06:30+1,AF334;350;CDG;EWR;09:45;13:00,AF335;350;EWR;CDG;17:15;06:30+1,economy
45900,AF,https://www.airfrance.com/logo.png,Air France,09:45,13:00,17:15,06:30+1,AF334;350;CDG;EWR;09:45;13:00,AF335;350;EWR;CDG;17:15;06:30+1,premium_economy
88200,AF,https://www.airfrance.com/logo.png,Air France,09:45,13:00,17:15,06:30+1,AF334;350;CDG;EWR;09:45;13:00,AF335;350;EWR;CDG;17:15;06:30+1,business
44100,DL,https://www.delta.com/logo.png,Delta Air Lines,12:15,15:30,20:00,09:15+1,DL222;763;CDG;EWR;12:15;15:30,DL223;763;EWR;CDG;20:00;09:15+1,economy
50800,DL,https://www.delta.com/logo.png,Delta Air Lines,12:15,15:30,20:00,09:15+1,DL222;763;CDG;EWR;12:15;15:30,DL223;763;EWR;CDG;20:00;09:15+1,premium_economy
96500,DL,https://www.delta.com/logo.png,Delta Air Lines,12:15,15:30,20:00,09:15+1,DL222;763;CDG;EWR;12:15;15:30,DL223;763;EWR;CDG;20:00;09:15+1,business
43300,DL,https://www.delta.com/logo.png,Delta Air Lines,15:00,18:15,22:30,11:45+1,DL166;764;CDG;EWR;15:00;18:15,DL167;764;EWR;CDG;22:30;11:45+1,economy
50000,DL,https://www.delta.com/logo.png,Delta Air Lines,15:00,18:15,22:30,11:45+1,DL166;764;CDG;EWR;15:00;18:15,DL167;764;EWR;CDG;22:30;11:45+1,premium_economy
95400,DL,https://www.delta.com/logo.png,Delta Air Lines,15:00,18:15,22:30,11:45+1,DL166;764;CDG;EWR;15:00;18:15,DL167;764;EWR;CDG;22:30;11:45+1,business
