price,airline,airline_logo,airline_name,outbound_depart,outbound_arrive,inbound_depart,inbound_arrive,outbound_segments,inbound_segments,cabin
42000,AF,https://www.airfrance.com/logo.png,Air France,10:30,13:45,16:00,05:30+1,AF006;77W;CDG;JFK;10:30;13:45,AF007;77W;JFK;CDG;16:00;05:30+1,economy
45000,DL,https://www.delta.com/logo.png,Delta Air Lines,11:00,14:15,17:00,06:30+1,DL234;333;CDG;JFK;11:00;14:15,DL235;333;JFK;CDG;17:00;06:30+1,economy
40000,AA,https://www.aa.com/logo.png,American Airlines,09:30,12:45,15:00,04:30+1,AA334;789;CDG;JFK;09:30;12:45,AA335;789;JFK;CDG;15:00;04:30+1,economy
38000,UA,https://www.united.com/logo.png,United Airlines,08:00,11:15,13:00,02:30+1,UA990;77W;CDG;JFK;08:00;11:15,UA991;77W;JFK;CDG;13:00;02:30+1,economy
36000,BA,https://www.britishairways.com/logo.png,British Airways,06:30,13:30,14:00,05:45+1,BA308;321;CDG;LHR;06:30;07:50|BA178;77W;LHR;JFK;09:00;13:30,BA179;77W;JFK;LHR;14:00;02:45+1|BA309;321;LHR;CDG;04:15;05:45+1,economy
35000,AF,https://www.airfrance.com/logo.png,Air France,14:00,17:15,19:00,08:30+1,AF008;789;CDG;JFK;14:00;17:15,AF009;789;JFK;CDG;19:00;08:30+1,economy
41000,AF,https://www.airfrance.com/logo.png,Air France,06:30,09:45,11:00,00:30+1,AF010;77W;CDG;JFK;06:30;09:45,AF011;77W;JFK;CDG;11:00;00:30+1,economy
44000,DL,https://www.delta.com/logo.png,Delta Air Lines,13:00,16:15,19:00,08:30+1,DL236;333;CDG;JFK;13:00;16:15,DL237;333;JFK;CDG;19:00;08:30+1,economy
39000,AA,https://www.aa.com/logo.png,American Airlines,12:00,15:15,17:00,06:30+1,AA336;789;CDG;JFK;12:00;15:15,AA337;789;JFK;CDG;17:00;06:30+1,economy
37000,UA,https://www.united.com/logo.png,United Airlines,15:00,18:15,20:00,09:30+1,UA992;77W;CDG;JFK;15:00;18:15,UA993;77W;JFK;CDG;20:00;09:30+1,economy
34000,BA,https://www.britishairways.com/logo.png,British Airways,08:00,14:30,16:00,07:45+1,BA310;321;CDG;LHR;08:00;09:20|BA180;77W;LHR;JFK;10:30;14:30,BA181;77W;JFK;LHR;16:00;04:15+1|BA311;321;LHR;CDG;05:45;07:45+1,economy
33000,AF,https://www.airfrance.com/logo.png,Air France,17:00,20:15,22:00,11:30+1,AF012;789;CDG;JFK;17:00;20:15,AF013;789;JFK;CDG;22:00;11:30+1,economy
138000,AF,https://www.airfrance.com/logo.png,Air France,10:30,13:45,16:00,05:30+1,AF006;77W;CDG;JFK;10:30;13:45,AF007;77W;JFK;CDG;16:00;05:30+1,business
140000,DL,https://www.delta.com/logo.png,Delta Air Lines,11:00,14:15,17:00,06:30+1,DL234;333;CDG;JFK;11:00;14:15,DL235;333;JFK;CDG;17:00;06:30+1,business
135000,AA,https://www.aa.com/logo.png,American Airlines,09:30,12:45,15:00,04:30+1,AA334;789;CDG;JFK;09:30;12:45,AA335;789;JFK;CDG;15:00;04:30+1,business
82000,DL,https://www.delta.com/logo.png,Delta Air Lines,11:00,14:15,17:00,06:30+1,DL234;333;CDG;JFK;11:00;14:15,DL235;333;JFK;CDG;17:00;06:30+1,premium_economy
80000,AF,https://www.airfrance.com/logo.png,Air France,10:30,13:45,16:00,05:30+1,AF006;77W;CDG;JFK;10:30;13:45,AF007;77W;JFK;CDG;16:00;05:30+1,premium_economy
85000,AA,https://www.aa.com/logo.png,American Airlines,09:30,12:45,15:00,04:30+1,AA334;789;CDG;JFK;09:30;12:45,AA335;789;JFK;CDG;15:00;04:30+1,premium_economy
