price,airline,airline_logo,airline_name,outbound_depart,outbound_arrive,inbound_depart,inbound_arrive,outbound_segments,inbound_segments,cabin
38900,DL,https://www.delta.com/logo.png,Delta Air Lines,09:00,12:15,17:30,06:45+1,DL411;763;CDG;LGA;09:00;12:15,DL412;763;LGA;CDG;17:30;06:45+1,economy
45200,DL,https://www.delta.com/logo.png,Delta Air Lines,09:00,12:15,17:30,06:45+1,DL411;763;CDG;LGA;09:00;12:15,DL412;763;LGA;CDG;17:30;06:45+1,premium_economy
89500,DL,https://www.delta.com/logo.png,Delta Air Lines,09:00,12:15,17:30,06:45+1,DL411;763;CDG;LGA;09:00;12:15,DL412;763;LGA;CDG;17:30;06:45+1,business
41200,DL,https://www.delta.com/logo.png,Delta Air Lines,14:25,17:40,22:00,11:15+1,DL245;764;CDG;LGA;14:25;17:40,DL246;764;LGA;CDG;22:00;11:15+1,economy
47800,DL,https://www.delta.com/logo.png,Delta Air Lines,14:25,17:40,22:00,11:15+1,DL245;764;CDG;LGA;14:25;17:40,DL246;764;LGA;CDG;22:00;11:15+1,premium_economy
92300,DL,https://www.delta.com/logo.png,Delta Air Lions,14:25,17:40,22:00,11:15+1,DL245;764;CDG;LGA;14:25;17:40,DL246;764;LGA;CDG;22:00;11:15+1,business
43500,AA,https://www.aa.com/logo.png,American Airlines,11:30,14:50,19:15,08:30+1,AA334;77W;CDG;LGA;11:30;14:50,AA335;77W;LGA;CDG;19:15;08:30+1,economy
50100,AA,https://www.aa.com/logo.png,American Airlines,11:30,14:50,19:15,08:30+1,AA334;77W;CDG;LGA;11:30;14:50,AA335;77W;LGA;CDG;19:15;08:30+1,premium_economy
95700,AA,https://www.aa.com/logo.png,American Airlines,11:30,14:50,19:15,08:30+1,AA334;77W;CDG;LGA;11:30;14:50,AA335;77W;LGA;CDG;19:15;08:30+1,business
39800,AF,https://www.airfrance.com/logo.png,Air France,08:15,11:30,16:45,06:00+1,AF022;77W;CDG;LGA;08:15;11:30,AF023;77W;LGA;CDG;16:45;06:00+1,economy
46500,AF,https://www.airfrance.com/logo.png,Air France,08:15,11:30,16:45,06:00+1,AF022;77W;CDG;LGA;08:15;11:30,AF023;77W;LGA;CDG;16:45;06:00+1,premium_economy
88900,AF,https://www.airfrance.com/logo.png,Air France,08:15,11:30,16:45,06:00+1,AF022;77W;CDG;LGA;08:15;11:30,AF023;77W;LGA;CDG;16:45;06:00+1,business
44700,AF,https://www.airfrance.com/logo.png,Air France,15:50,19:05,23:30,12:45+1,AF124;350;CDG;LGA;15:50;19:05,AF125;350;LGA;CDG;23:30;12:45+1,economy
51300,AF,https://www.airfrance.com/logo.png,Air France,15:50,19:05,23:30,12:45+1,AF124;350;CDG;LGA;15:50;19:05,AF125;350;LGA;CDG;23:30;12:45+1,premium_economy
97800,AF,https://www.airfrance.com/logo.png,Air France,15:50,19:05,23:30,12:45+1,AF124;350;CDG;LGA;15:50;19:05,AF125;350;LGA;CDG;23:30;12:45+1,business
