price,airline,airline_logo,airline_name,outbound_depart,outbound_arrive,inbound_depart,inbound_arrive,outbound_segments,inbound_segments,cabin
38000,AF,https://www.airfrance.com/logo.png,Air France,11:00,13:30,16:00,05:30+1,AF334;77W;CDG;BOS;11:00;13:30,AF335;77W;BOS;CDG;16:00;05:30+1,economy
42000,AF,https://www.airfrance.com/logo.png,Air France,15:30,18:00,19:00,08:30+1,AF336;789;CDG;BOS;15:30;18:00,AF337;789;BOS;CDG;19:00;08:30+1,economy
40000,DL,https://www.delta.com/logo.png,Delta Air Lines,09:00,11:30,14:00,03:30+1,DL456;333;CDG;BOS;09:00;11:30,DL457;333;BOS;CDG;14:00;03:30+1,economy
35000,BA,https://www.britishairways.com/logo.png,British Airways,06:30,13:00,15:00,06:15+1,BA308;321;CDG;LHR;06:30;07:50|BA212;77W;LHR;BOS;09:00;13:00,BA213;77W;BOS;LHR;15:00;03:15+1|BA309;321;LHR;CDG;04:45;06:15+1,economy
33000,AA,https://www.aa.com/logo.png,American Airlines,07:00,14:15,12:00,07:30+1,AA6754;320;CDG;JFK;07:00;10:00|AA1234;738;JFK;BOS;11:15;14:15,AA1235;738;BOS;JFK;12:00;15:00|AA6755;320;JFK;CDG;18:30;07:30+1,economy
118000,AF,https://www.airfrance.com/logo.png,Air France,11:00,13:30,16:00,05:30+1,AF334;77W;CDG;BOS;11:00;13:30,AF335;77W;BOS;CDG;16:00;05:30+1,business
72000,AF,https://www.airfrance.com/logo.png,Air France,15:30,18:00,19:00,08:30+1,AF336;789;CDG;BOS;15:30;18:00,AF337;789;BOS;CDG;19:00;08:30+1,premium_economy
37000,AF,https://www.airfrance.com/logo.png,Air France,07:30,10:00,12:00,01:30+1,AF338;77W;CDG;BOS;07:30;10:00,AF339;77W;BOS;CDG;12:00;01:30+1,economy
41000,DL,https://www.delta.com/logo.png,Delta Air Lines,13:00,15:30,18:00,07:30+1,DL458;333;CDG;BOS;13:00;15:30,DL459;333;BOS;CDG;18:00;07:30+1,economy
39000,UA,https://www.united.com/logo.png,United Airlines,10:30,13:00,15:00,04:30+1,UA996;789;CDG;BOS;10:30;13:00,UA997;789;BOS;CDG;15:00;04:30+1,economy
36000,BA,https://www.britishairways.com/logo.png,British Airways,08:00,14:30,16:30,07:45+1,BA310;321;CDG;LHR;08:00;09:20|BA214;77W;LHR;BOS;10:30;14:30,BA215;77W;BOS;LHR;16:30;04:45+1|BA311;321;LHR;CDG;06:15;07:45+1,economy
34000,AA,https://www.aa.com/logo.png,American Airlines,09:00,16:15,14:00,09:30+1,AA6758;320;CDG;JFK;09:00;12:00|AA1236;738;JFK;BOS;13:15;16:15,AA1237;738;BOS;JFK;14:00;17:00|AA6759;320;JFK;CDG;20:30;09:30+1,economy
32000,DL,https://www.delta.com/logo.png,Delta Air Lines,05:30,13:00,11:00,06:15+1,DL238;763;CDG;ATL;05:30;09:00|DL571;321;ATL;BOS;10:30;13:00,DL572;321;BOS;ATL;11:00;13:30|DL239;763;ATL;CDG;15:15;06:15+1,economy
120000,DL,https://www.delta.com/logo.png,Delta Air Lines,09:00,11:30,14:00,03:30+1,DL456;333;CDG;BOS;09:00;11:30,DL457;333;BOS;CDG;14:00;03:30+1,business
125000,AF,https://www.airfrance.com/logo.png,Air France,07:30,10:00,12:00,01:30+1,AF338;77W;CDG;BOS;07:30;10:00,AF339;77W;BOS;CDG;12:00;01:30+1,business
70000,DL,https://www.delta.com/logo.png,Delta Air Lines,09:00,11:30,14:00,03:30+1,DL456;333;CDG;BOS;09:00;11:30,DL457;333;BOS;CDG;14:00;03:30+1,premium_economy
75000,UA,https://www.united.com/logo.png,United Airlines,10:30,13:00,15:00,04:30+1,UA996;789;CDG;BOS;10:30;13:00,UA997;789;BOS;CDG;15:00;04:30+1,premium_economy
