price,airline,airline_logo,airline_name,outbound_depart,outbound_arrive,inbound_depart,inbound_arrive,outbound_segments,inbound_segments,cabin
45000,AF,https://www.airfrance.com/logo.png,Air France,10:30,13:45,15:00,10:30+1,AF83;77W;CDG;SFO;10:30;13:45,AF84;77W;SFO;CDG;15:00;10:30+1,economy
48000,AF,https://www.airfrance.com/logo.png,Air France,14:00,17:15,18:00,13:30+1,AF85;789;CDG;SFO;14:00;17:15,AF86;789;SFO;CDG;18:00;13:30+1,economy
52000,UA,https://www.united.com/logo.png,United Airlines,08:00,11:15,16:30,12:00+1,UA990;789;CDG;SFO;08:00;11:15,UA991;789;SFO;CDG;16:30;12:00+1,economy
42000,DL,https://www.delta.com/logo.png,Delta Air Lines,11:30,14:45,14:00,09:30+1,DL8754;333;CDG;SFO;11:30;14:45,DL8755;333;SFO;CDG;14:00;09:30+1,economy
38000,AF,https://www.airfrance.com/logo.png,Air France,06:00,12:15,13:00,11:15+1,AF1234;320;CDG;ORD;06:00;08:30|AF5678;321;ORD;SFO;10:15;12:15,AF8765;321;SFO;ORD;13:00;19:30|AF4321;320;ORD;CDG;21:15;11:15+1,economy
40000,DL,https://www.delta.com/logo.png,Delta Air Lines,07:30,14:00,12:00,10:45+1,DL234;763;CDG;ATL;07:30;11:00|DL567;321;ATL;SFO;12:30;14:00,DL568;321;SFO;ATL;12:00;20:15|DL235;763;ATL;CDG;21:45;10:45+1,economy
125000,AF,https://www.airfrance.com/logo.png,Air France,10:30,13:45,15:00,10:30+1,AF83;77W;CDG;SFO;10:30;13:45,AF84;77W;SFO;CDG;15:00;10:30+1,business
138000,UA,https://www.united.com/logo.png,United Airlines,08:00,11:15,16:30,12:00+1,UA990;789;CDG;SFO;08:00;11:15,UA991;789;SFO;CDG;16:30;12:00+1,business
78000,AF,https://www.airfrance.com/logo.png,Air France,14:00,17:15,18:00,13:30+1,AF85;789;CDG;SFO;14:00;17:15,AF86;789;SFO;CDG;18:00;13:30+1,premium_economy
44000,AF,https://www.airfrance.com/logo.png,Air France,06:30,09:45,11:00,06:30+1,AF87;77W;CDG;SFO;06:30;09:45,AF88;77W;SFO;CDG;11:00;06:30+1,economy
46000,DL,https://www.delta.com/logo.png,Delta Air Lines,13:00,16:15,17:30,13:00+1,DL8756;333;CDG;SFO;13:00;16:15,DL8757;333;SFO;CDG;17:30;13:00+1,economy
50000,UA,https://www.united.com/logo.png,United Airlines,16:00,19:15,20:00,15:30+1,UA992;789;CDG;SFO;16:00;19:15,UA993;789;SFO;CDG;20:00;15:30+1,economy
43000,AF,https://www.airfrance.com/logo.png,Air France,19:00,22:15,23:00,18:30+1,AF89;77W;CDG;SFO;19:00;22:15,AF90;77W;SFO;CDG;23:00;18:30+1,economy
41000,DL,https://www.delta.com/logo.png,Delta Air Lines,09:30,12:45,16:00,11:30+1,DL8758;333;CDG;SFO;09:30;12:45,DL8759;333;SFO;CDG;16:00;11:30+1,economy
39000,UA,https://www.united.com/logo.png,United Airlines,12:00,15:15,19:00,14:30+1,UA994;789;CDG;SFO;12:00;15:15,UA995;789;SFO;CDG;19:00;14:30+1,economy
37000,AA,https://www.aa.com/logo.png,American Airlines,08:30,15:45,14:30,13:00+1,AA6756;320;CDG;JFK;08:30;11:30|AA3456;738;JFK;SFO;13:00;15:45,AA3457;738;SFO;JFK;14:30;22:45|AA6757;320;JFK;CDG;23:45;13:00+1,economy
130000,DL,https://www.delta.com/logo.png,Delta Air Lines,11:30,14:45,14:00,09:30+1,DL8754;333;CDG;SFO;11:30;14:45,DL8755;333;SFO;CDG;14:00;09:30+1,business
135000,AF,https://www.airfrance.com/logo.png,Air France,06:30,09:45,11:00,06:30+1,AF87;77W;CDG;SFO;06:30;09:45,AF88;77W;SFO;CDG;11:00;06:30+1,business
75000,DL,https://www.delta.com/logo.png,Delta Air Lines,11:30,14:45,14:00,09:30+1,DL8754;333;CDG;SFO;11:30;14:45,DL8755;333;SFO;CDG;14:00;09:30+1,premium_economy
80000,UA,https://www.united.com/logo.png,United Airlines,08:00,11:15,16:30,12:00+1,UA990;789;CDG;SFO;08:00;11:15,UA991;789;SFO;CDG;16:30;12:00+1,premium_economy
