price,airline,airline_logo,airline_name,outbound_depart,outbound_arrive,inbound_depart,inbound_arrive,outbound_segments,inbound_segments,cabin
28000,AF,https://www.airfrance.com/logo.png,Air France,07:00,08:20,10:00,11:20,AF1234;320;CDG;LHR;07:00;08:20,AF1235;320;LHR;CDG;10:00;11:20,economy
30000,BA,https://www.britishairways.com/logo.png,British Airways,08:30,09:50,11:30,12:50,BA308;321;CDG;LHR;08:30;09:50,BA309;321;LHR;CDG;11:30;12:50,economy
26000,EZY,https://www.easyjet.com/logo.png,easyJet,09:00,10:20,12:00,13:20,U28754:320:CDG:LHR:09:00:10:20,U28755:320:LHR:CDG:12:00:13:20,economy
32000,BA,https://www.britishairways.com/logo.png,British Airways,13:00,14:20,16:00,17:20,BA310;77W;CDG;LHR;13:00;14:20,BA311;77W;LHR;CDG;16:00;17:20,economy
95000,BA,https://www.britishairways.com/logo.png,British Airways,08:30,09:50,11:30,12:50,BA308;321;CDG;LHR;08:30;09:50,BA309;321;LHR;CDG;11:30;12:50,business
58000,AF,https://www.airfrance.com/logo.png,Air France,13:00,14:20,16:00,17:20,AF1236;321;CDG;LHR;13:00;14:20,AF1237;321;LHR;CDG;16:00;17:20,premium_economy
27000,AF,https://www.airfrance.com/logo.png,Air France,06:00,07:20,09:00,10:20,AF1238;320;CDG;LHR;06:00;07:20,AF1239;320;LHR;CDG;09:00;10:20,economy
29000,BA,https://www.britishairways.com/logo.png,British Airways,10:30,11:50,13:30,14:50,BA312;321;CDG;LHR;10:30;11:50,BA313;321;LHR;CDG;13:30;14:50,economy
25000,EZY,https://www.easyjet.com/logo.png,easyJet,11:00,12:20,14:00,15:20,U28756:320:CDG:LHR:11:00:12:20,U28757:320:LHR:CDG:14:00:15:20,economy
31000,BA,https://www.britishairways.com/logo.png,British Airways,15:00,16:20,18:00,19:20,BA314;77W;CDG;LHR;15:00;16:20,BA315;77W;LHR;CDG;18:00;19:20,economy
24000,EZY,https://www.easyjet.com/logo.png,easyJet,14:00,15:20,17:00,18:20,U28758:320:CDG:LHR:14:00:15:20,U28759:320:LHR:CDG:17:00:18:20,economy
33000,AF,https://www.airfrance.com/logo.png,Air France,16:00,17:20,19:00,20:20,AF1240;320;CDG;LHR;16:00;17:20,AF1241;320;LHR;CDG;19:00;20:20,economy
98000,AF,https://www.airfrance.com/logo.png,Air France,07:00,08:20,10:00,11:20,AF1234;320;CDG;LHR;07:00;08:20,AF1235;320;LHR;CDG;10:00;11:20,business
92000,BA,https://www.britishairways.com/logo.png,British Airways,13:00,14:20,16:00,17:20,BA310;77W;CDG;LHR;13:00;14:20,BA311;77W;LHR;CDG;16:00;17:20,business
55000,BA,https://www.britishairways.com/logo.png,British Airways,08:30,09:50,11:30,12:50,BA308;321;CDG;LHR;08:30;09:50,BA309;321;LHR;CDG;11:30;12:50,premium_economy
60000,AF,https://www.airfrance.com/logo.png,Air France,10:30,11:50,13:30,14:50,AF1242;321;CDG;LHR;10:30;11:50,AF1243;321;LHR;CDG;13:30;14:50,premium_economy
