price,airline,airline_logo,airline_name,outbound_depart,outbound_arrive,inbound_depart,inbound_arrive,outbound_segments,inbound_segments,cabin
38000,BA,https://www.britishairways.com/logo.png,British Airways,16:00,04:45+1,10:00,13:30,BA179;77W;JFK;LHR;16:00;04:45+1,BA178;77W;LHR;JFK;10:00;13:30,economy
42000,AA,https://www.aa.com/logo.png,American Airlines,18:00,06:45+1,11:30,15:00,AA101;77W;JFK;LHR;18:00;06:45+1,AA100;77W;LHR;JFK;11:30;15:00,economy
40000,VS,https://www.virginatlantic.com/logo.png,Virgin Atlantic,17:00,05:45+1,12:00,15:30,VS003;333;JFK;LHR;17:00;05:45+1,VS004;333;LHR;JFK;12:00;15:30,economy
36000,DL,https://www.delta.com/logo.png,Delta Air Lines,15:00,03:45+1,09:00,12:30,DL457;763;JFK;LHR;15:00;03:45+1,DL456;763;LHR;JFK;09:00;12:30,economy
128000,BA,https://www.britishairways.com/logo.png,British Airways,16:00,04:45+1,10:00,13:30,BA179;77W;JFK;LHR;16:00;04:45+1,BA178;77W;LHR;JFK;10:00;13:30,business
80000,VS,https://www.virginatlantic.com/logo.png,Virgin Atlantic,17:00,05:45+1,12:00,15:30,VS003;333;JFK;LHR;17:00;05:45+1,VS004;333;LHR;JFK;12:00;15:30,premium_economy
37000,BA,https://www.britishairways.com/logo.png,British Airways,14:00,02:45+1,08:00,11:30,BA181;77W;JFK;LHR;14:00;02:45+1,BA180;77W;LHR;JFK;08:00;11:30,economy
41000,AA,https://www.aa.com/logo.png,American Airlines,20:00,08:45+1,13:30,17:00,AA103;77W;JFK;LHR;20:00;08:45+1,AA102;77W;LHR;JFK;13:30;17:00,economy
39000,VS,https://www.virginatlantic.com/logo.png,Virgin Atlantic,19:00,07:45+1,14:00,17:30,VS005;333;JFK;LHR;19:00;07:45+1,VS006;333;LHR;JFK;14:00;17:30,economy
35000,DL,https://www.delta.com/logo.png,Delta Air Lines,17:00,05:45+1,11:00,14:30,DL459;763;JFK;LHR;17:00;05:45+1,DL458;763;LHR;JFK;11:00;14:30,economy
34000,BA,https://www.britishairways.com/logo.png,British Airways,20:00,08:45+1,15:00,18:30,BA183;77W;JFK;LHR;20:00;08:45+1,BA182;77W;LHR;JFK;15:00;18:30,economy
33000,AA,https://www.aa.com/logo.png,American Airlines,13:00,01:45+1,07:30,11:00,AA105;77W;JFK;LHR;13:00;01:45+1,AA104;77W;LHR;JFK;07:30;11:00,economy
130000,AA,https://www.aa.com/logo.png,American Airlines,18:00,06:45+1,11:30,15:00,AA101;77W;JFK;LHR;18:00;06:45+1,AA100;77W;LHR;JFK;11:30;15:00,business
125000,BA,https://www.britishairways.com/logo.png,British Airways,14:00,02:45+1,08:00,11:30,BA181;77W;JFK;LHR;14:00;02:45+1,BA180;77W;LHR;JFK;08:00;11:30,business
82000,AA,https://www.aa.com/logo.png,American Airlines,18:00,06:45+1,11:30,15:00,AA101;77W;JFK;LHR;18:00;06:45+1,AA100;77W;LHR;JFK;11:30;15:00,premium_economy
78000,DL,https://www.delta.com/logo.png,Delta Air Lines,15:00,03:45+1,09:00,12:30,DL457;763;JFK;LHR;15:00;03:45+1,DL456;763;LHR;JFK;09:00;12:30,premium_economy
